COHORT,ADMISSIONS,RATE
Stroke/TIA,4520.0,12.123894
COPD,15518.0,11.393221
CKD,22714.0,11.327815
CHF,33618.0,11.243976
Diabetes,35432.0,10.640099
Ischemic Heart,41678.0,10.47795
